experiment_id,experiment_group,architecture,variant,seed_declared,resolved_seed,dataset_version,train_split_version,config_hash,code_git_commit,code_git_dirty,total_params,resolved_epochs,resolved_subset_fraction,run_dir,architecture,best_val_loss,config_hash,depth/allocation_error_abs,depth/allocation_error_rel,depth_dist/step_1_pct,depth_dist/step_2_pct,depth_dist/step_3_pct,depth_dist/step_4_pct,depth_dist/step_5_pct,depth_dist/step_6_pct,depth_dist/step_7_pct,diag/max_pairwise_cosine_sim,diag/mean_pairwise_cosine_sim,dispatch/capacity_policy,dispatch/evals_per_token,dispatch/expert_evaluations,dispatch/experts_called_max,dispatch/max_load_fraction,dispatch/overflow_rate,dispatch/overflow_tokens,dispatch/router_noise,dispatch/router_noise_scale,dispatch/routing_mode,dispatch/tokens_dispatched,epoch,experiment_group,experiment_id,expert_load/expert_0_pct,expert_load/expert_1_pct,expert_load/expert_2_pct,expert_load/expert_3_pct,expert_load/expert_4_pct,expert_load/expert_5_pct,halt/early_exit_rate,halt/early_exits,halt/forced_exit_rate,halt/forced_exits,halt/mean_halt_mass,halt/mean_remainder,halting_mode,num_experts,perf/throughput_tokens_sec,prov/total_params,recursion/avg_depth_by_family/E1_ADD_SUB,recursion/avg_depth_by_family/E2_MULT_DIV,recursion/avg_depth_by_family/E3_MOD_POW,recursion/avg_depth_by_family/E4_LOGIC,recursion/avg_depth_by_family/E5_SHIFT,recursion/avg_depth_by_family/E6_SORT_STAT,recursion/avg_depth_by_op/ADD,recursion/avg_depth_by_op/AND,recursion/avg_depth_by_op/DIV,recursion/avg_depth_by_op/MAX,recursion/avg_depth_by_op/MEDIAN,recursion/avg_depth_by_op/MIN,recursion/avg_depth_by_op/MOD,recursion/avg_depth_by_op/MULT,recursion/avg_depth_by_op/NOT,recursion/avg_depth_by_op/OR,recursion/avg_depth_by_op/POW,recursion/avg_depth_by_op/SHIFT_L,recursion/avg_depth_by_op/SHIFT_R,recursion/avg_depth_by_op/SORT,recursion/avg_depth_by_op/SUB,recursion/avg_depth_by_op/XOR,router_noise,routing_balance_normalization,routing_mode,train/aux_routing_loss,train/avg_recursion_steps,train/balance_to_task_ratio,train/classification_loss,train/entropy_term,train/entropy_term_normalized,train/expert_load_entropy_normalized,train/family_cls_loss,train/halting_loss,train/halting_supervision_loss,train/ponder_cost,train/routing_balance_loss,train/step_routing_loss,train/switch_aux_term,train/task_loss,train/total_loss,val/loss,val/routing_accuracy,val/routing_ami,val/routing_collapsed_experts,val/routing_f1/E1_ADD_SUB,val/routing_f1/E2_MULT_DIV,val/routing_f1/E3_MOD_POW,val/routing_f1/E4_LOGIC,val/routing_f1/E5_SHIFT,val/routing_f1/E6_SORT_STAT,val/routing_f1_matched/E1_ADD_SUB,val/routing_f1_matched/E2_MULT_DIV,val/routing_f1_matched/E3_MOD_POW,val/routing_f1_matched/E4_LOGIC,val/routing_f1_matched/E5_SHIFT,val/routing_f1_matched/E6_SORT_STAT,val/routing_hungarian_accuracy,val/routing_hungarian_assignment,val/routing_macro_recall,val/routing_matched_macro_recall,val/routing_precision/E1_ADD_SUB,val/routing_precision/E2_MULT_DIV,val/routing_precision/E3_MOD_POW,val/routing_precision/E4_LOGIC,val/routing_precision/E5_SHIFT,val/routing_precision/E6_SORT_STAT,val/routing_precision_matched/E1_ADD_SUB,val/routing_precision_matched/E2_MULT_DIV,val/routing_precision_matched/E3_MOD_POW,val/routing_precision_matched/E4_LOGIC,val/routing_precision_matched/E5_SHIFT,val/routing_precision_matched/E6_SORT_STAT,val/routing_purity,val/routing_recall/E1_ADD_SUB,val/routing_recall/E2_MULT_DIV,val/routing_recall/E3_MOD_POW,val/routing_recall/E4_LOGIC,val/routing_recall/E5_SHIFT,val/routing_recall/E6_SORT_STAT,val/routing_recall_matched/E1_ADD_SUB,val/routing_recall_matched/E2_MULT_DIV,val/routing_recall_matched/E3_MOD_POW,val/routing_recall_matched/E4_LOGIC,val/routing_recall_matched/E5_SHIFT,val/routing_recall_matched/E6_SORT_STAT,val/task_loss,val_offline/avg_recursion_steps,val_offline/depth_allocation_error_abs,val_offline/depth_allocation_error_rel,val_offline/early_exit_rate,val_offline/forced_exit_rate,val_offline/mean_remainder
phaseB_moe_seed42__c35fe8b6,canonical_phase_b,moe,canonical,True,42,more6-v1-seed42-n70000-3c1087b6aad9,fixed-file-splits-v1,c35fe8b62eb5ce58e9cfc90c7084c11ab2b723aec812f5caad3f19cff755615e,f7166b4fa4f5dcf34d0284fcaa5a686ad4d835f9,True,3201555,50,1.0,phaseB_moe_seed42__c35fe8b6,N/A,0.0629156479196889,N/A,N/A,N/A,100.0,N/A,N/A,N/A,N/A,N/A,N/A,0.03723709285259247,0.024776691012084483,N/A,1.0,224450.0,6.0,0.2235376089811325,0.0,0.0,N/A,0.0,N/A,224450.0,50,N/A,N/A,17.280909419059753,18.43038499355316,20.369793474674225,16.779683530330658,14.389395713806152,12.74983286857605,N/A,0.0,N/A,224450.0,N/A,N/A,N/A,6,8257.489793050314,3201555,1.0,1.0,1.0,1.0,1.0,1.0,1.0,1.0,1.0,1.0,1.0,1.0,1.0,1.0,1.0,1.0,1.0,1.0,1.0,1.0,1.0,1.0,N/A,N/A,N/A,-0.7974523451083746,N/A,0.013253899940607997,5.231592004770974e-05,1.78567600555909,0.9966047542801122,0.9935809373855591,5.231592004770974e-05,N/A,0.0,N/A,-0.7974523451083746,0.6143538248844636,0.9882236604507153,0.06016737327743799,0.05939607900113632,0.06309038685475077,0.19316635589376607,0.5012889876319025,N/A,0.013582342954159592,0.4122862571247625,0.0,0.2926899739959549,0.0,0.3502718033561806,0.42093441150044925,0.39555702917771884,0.5667533261966662,0.665556480710519,0.36692121437884156,0.5957573354480571,0.5226528246736885,N/A,0.17538299910836863,0.5157335646460212,0.010889292196007259,0.3516068052930057,0.0,0.2962854635858438,0.0,0.6031746031746031,0.38135938135938136,0.34893243638490784,0.6445217391304348,0.6475830407777478,0.29794313369630976,0.7359784472201812,0.5745099027364814,0.01804511278195489,0.49827784156142363,0.0,0.2891807022552098,0.0,0.24679433805162365,0.46967418546365913,0.4565633371603521,0.5057314410480349,0.6845560947759064,0.4774600096946195,0.5004163197335554,0.06309038685475077,N/A,N/A,N/A,N/A,N/A,N/A
phaseB_moe_seed43__33afa654,canonical_phase_b,moe,canonical,True,43,more6-v1-seed42-n70000-3c1087b6aad9,fixed-file-splits-v1,33afa654b0f09cc5cd5886392d211bfaa78f18f1219ccd71b0adcf1614895aec,f7166b4fa4f5dcf34d0284fcaa5a686ad4d835f9,True,3201555,50,1.0,phaseB_moe_seed43__33afa654,N/A,0.06286902381266866,N/A,N/A,N/A,100.0,N/A,N/A,N/A,N/A,N/A,N/A,0.08815789222717285,0.03495728832979997,N/A,1.0,224450.0,6.0,0.25932443141937256,0.0,0.0,N/A,0.0,N/A,224450.0,50,N/A,N/A,15.34818410873413,16.775228083133698,9.520160406827927,16.79304987192154,23.6636221408844,17.899754643440247,N/A,0.0,N/A,224450.0,N/A,N/A,N/A,6,8923.24747419035,3201555,1.0,1.0,1.0,1.0,1.0,1.0,1.0,1.0,1.0,1.0,1.0,1.0,1.0,1.0,1.0,1.0,1.0,1.0,1.0,1.0,1.0,1.0,N/A,N/A,N/A,-0.8084199145818368,N/A,0.013364275256224398,4.960421220181534e-05,1.785540832923009,0.9965293129954964,0.9820734262466431,4.960421220181534e-05,N/A,0.0,N/A,-0.8084199145818368,0.606983367449198,0.9771209183411721,0.060491115236893676,0.05970749722268337,0.06319453150459699,0.1336995413999899,0.384130170264989,N/A,0.3755424063116371,0.0,0.0791863421721758,0.0,0.0,0.3127372416701814,0.3755424063116371,0.43069798213695004,0.5537249283667621,0.24892580922371813,0.36719478098788444,0.39709443099273606,0.40240890994305295,N/A,0.1306086108325121,0.43222820317373656,0.30959349593495933,0.0,0.11834961997828447,0.0,0.0,0.4262719172175913,0.30959349593495933,0.3792601223419749,0.4921477079796265,0.24978442081057775,0.29830405814657784,0.8458197611292074,0.4700902081338507,0.47719298245614034,0.0,0.05949781659388646,0.0,0.0,0.2469608659450458,0.47719298245614034,0.49827784156142363,0.6329148471615721,0.2480730802169569,0.4774600096946195,0.2594504579517069,0.06319453150459699,N/A,N/A,N/A,N/A,N/A,N/A
phaseB_moe_seed44__d522a4d0,canonical_phase_b,moe,canonical,True,44,more6-v1-seed42-n70000-3c1087b6aad9,fixed-file-splits-v1,d522a4d06d8d4528fd8a303b9862936020ce9c84a25170b650f2c4a8bb9d4610,f7166b4fa4f5dcf34d0284fcaa5a686ad4d835f9,True,3201555,50,1.0,phaseB_moe_seed44__d522a4d0,N/A,0.06284258115291595,N/A,N/A,N/A,100.0,N/A,N/A,N/A,N/A,N/A,N/A,0.06155092269182205,0.01870388809281091,N/A,1.0,224450.0,6.0,0.22789233922958374,0.0,0.0,N/A,0.0,N/A,224450.0,50,N/A,N/A,16.76587164402008,17.412786185741425,20.632657408714294,15.360213816165924,11.65916696190834,18.169303238391876,N/A,0.0,N/A,224450.0,N/A,N/A,N/A,6,8336.915638258786,3201555,1.0,1.0,1.0,1.0,1.0,1.0,1.0,1.0,1.0,1.0,1.0,1.0,1.0,1.0,1.0,1.0,1.0,1.0,1.0,1.0,1.0,1.0,N/A,N/A,N/A,-0.7921832410188822,N/A,0.013115266898982307,4.3628642183298674e-05,1.7867940358626537,0.9972287388733374,0.992102861404419,4.3628642183298674e-05,N/A,0.0,N/A,-0.7921832410188822,0.6393018586513324,0.9946107948437716,0.060401610361459926,0.059631240578033984,0.06349245379652296,0.10053923297888424,0.6022987264892342,N/A,0.7536834151870041,0.0,0.0,0.0,0.0,0.0,0.7536834151870041,0.5332519829164124,0.4505215675218495,0.5082857540732488,0.347910279167339,0.6660002221481728,0.5445245174620773,N/A,0.16666666666666666,0.5801050266363258,0.6047287056683843,0.0,0.0,0.0,0.0,0.0,0.6047287056683843,0.5690104166666666,0.46588921282798834,0.4961935834692768,0.2607643928398645,1.0,0.6430479262208335,1.0,0.0,0.0,0.0,0.0,0.0,1.0,0.5017221584385764,0.4361353711790393,0.5209820154153583,0.5225399903053806,0.49925062447960034,0.06349245379652296,N/A,N/A,N/A,N/A,N/A,N/A
phaseB_moe_seed45__5a7cb215,canonical_phase_b,moe,canonical,True,45,more6-v1-seed42-n70000-3c1087b6aad9,fixed-file-splits-v1,5a7cb215b7ccd495b54c714104bbf4dcfc622f43751022d190a5f341c35dc3c8,f7166b4fa4f5dcf34d0284fcaa5a686ad4d835f9,True,3201555,50,1.0,phaseB_moe_seed45__5a7cb215,N/A,0.06298318701131003,N/A,N/A,N/A,100.0,N/A,N/A,N/A,N/A,N/A,N/A,0.039269305765628815,0.017839628892640274,N/A,1.0,224450.0,6.0,0.2504323720932007,0.0,0.0,N/A,0.0,N/A,224450.0,50,N/A,N/A,11.43372654914856,22.463800013065338,12.798841297626495,17.751392722129822,20.638003945350647,14.914235472679138,N/A,0.0,N/A,224450.0,N/A,N/A,N/A,6,8813.626085159633,3201555,1.0,1.0,1.0,1.0,1.0,1.0,1.0,1.0,1.0,1.0,1.0,1.0,1.0,1.0,1.0,1.0,1.0,1.0,1.0,1.0,1.0,1.0,N/A,N/A,N/A,-0.8122127797359076,N/A,0.013438235580028884,4.601969825065074e-05,1.7828604471989167,0.9950333612396243,0.9838694334030151,4.601969825065074e-05,N/A,0.0,N/A,-0.8122127797359076,0.5605007333633227,0.9706476674630091,0.06044043318774456,0.059651230151454605,0.06320289232475416,0.47593609837222195,0.5029091734972259,N/A,0.46488294314381273,0.7347110923660902,0.5973565441650547,0.29603794642857145,0.012776412776412777,0.6520763187429854,0.46488294314381273,0.7347110923660902,0.5973565441650547,0.23379721669980122,0.3763966480446928,0.6520763187429854,0.5192763191049741,N/A,0.466500336769613,0.5419230741624448,0.4440894568690096,0.5806666666666667,0.7295275590551181,0.28949522510231923,0.009648688767936665,1.0,0.4440894568690096,0.5806666666666667,0.7295275590551181,0.2182088075210292,0.2941336971350614,1.0,0.5779871995162021,0.48771929824561405,1.0,0.5057314410480349,0.3028832429346275,0.018904507998061076,0.48376353039134057,0.48771929824561405,1.0,0.5057314410480349,0.25178418498429916,0.5225399903053806,0.48376353039134057,0.06320289232475416,N/A,N/A,N/A,N/A,N/A,N/A
phaseB_moe_seed46__0c558a88,canonical_phase_b,moe,canonical,True,46,more6-v1-seed42-n70000-3c1087b6aad9,fixed-file-splits-v1,0c558a88b38fdb14498b35b4f3991ada00f8c446e864b6c7b2af1664dc2f563d,f7166b4fa4f5dcf34d0284fcaa5a686ad4d835f9,True,3201555,50,1.0,phaseB_moe_seed46__0c558a88,N/A,0.06248592976587159,N/A,N/A,N/A,100.0,N/A,N/A,N/A,N/A,N/A,N/A,0.029546769335865974,0.017349175953616697,N/A,1.0,224450.0,6.0,0.22442695498466492,0.0,0.0,N/A,0.0,N/A,224450.0,50,N/A,N/A,18.76319944858551,20.370684564113617,13.749164342880249,12.093116343021393,16.889284551143646,18.134550750255585,N/A,0.0,N/A,224450.0,N/A,N/A,N/A,6,8095.589344685491,3201555,1.0,1.0,1.0,1.0,1.0,1.0,1.0,1.0,1.0,1.0,1.0,1.0,1.0,1.0,1.0,1.0,1.0,1.0,1.0,1.0,1.0,1.0,N/A,N/A,N/A,-0.7921160482443296,N/A,0.01303582981449749,6.420767390525911e-05,1.7879053201430883,0.9978489584393674,0.9913985133171082,6.420767390525911e-05,N/A,0.0,N/A,-0.7921160482443296,0.5251068640977908,0.9957892718987588,0.06076452819009622,0.06000451585994317,0.06332002927575793,0.10467167263014665,0.5752447489876299,N/A,0.39193183794122766,0.0,0.0,0.31905961376994124,0.0,0.0,0.0,0.8205369759773905,0.527394336132062,0.4965341632479842,0.4178154825026511,0.5917089173874143,0.5131280552335836,N/A,0.13935139971920477,0.4966296008596958,0.30005324813631523,0.0,0.0,0.38743882544861336,0.0,0.0,0.0,0.6956869009584664,0.5509961344038061,0.49214806505888953,0.37141779788838614,0.7340897878638382,0.5916444086075694,0.5649122807017544,0.0,0.0,0.2711961176134742,0.0,0.0,0.0,1.0,0.5057314410480349,0.5009991435912076,0.4774600096946195,0.49558701082431306,0.06332002927575793,N/A,N/A,N/A,N/A,N/A,N/A
phaseB_mor_seed42__87d75af9,canonical_phase_b,mor,canonical,True,42,more6-v1-seed42-n70000-3c1087b6aad9,fixed-file-splits-v1,87d75af90e0f5361245b0381b41e60d49c77ed374e3b2c48d31d9811f1964a2b,f7166b4fa4f5dcf34d0284fcaa5a686ad4d835f9,True,3197710,50,1.0,phaseB_mor_seed42__87d75af9,N/A,0.0625092243041311,N/A,0.9724767108758291,0.6172461891785647,0.02405881095910445,98.4388530254364,0.7315660361200571,0.2704388462007046,0.24281577207148075,0.17197594279423356,0.12029404751956463,N/A,N/A,N/A,1.0,456231.0,1.0,1.0,0.0,0.0,N/A,0.0,N/A,456231.0,50,N/A,N/A,100.0,N/A,N/A,N/A,N/A,N/A,0.9987970594787258,224180.0,0.0012029405212742258,270.0,0.9999999946508652,0.12402431017313248,N/A,1,3367.642345288766,3197710,2.1012531328320803,2.0,2.0092794759825328,2.0650870682272338,2.074648570043626,2.0223147377185677,2.099691675231244,2.0189473684210526,2.0,2.0758988015978694,2.0032808398950133,2.0101282916948007,2.018348623853211,2.0,2.0275689223057642,2.141860465116279,2.0,2.1363636363636362,2.0071065989847714,2.0,2.1027397260273974,2.0737430167597766,N/A,N/A,N/A,N/A,2.048689126968384,N/A,3.278801292393697e-05,N/A,N/A,N/A,3.278801292393697e-05,0.2695992825887142,0.0,0.2695992825887142,N/A,0.5777013439398545,N/A,0.061774628141369574,0.062060620970068835,0.06262258014082908,N/A,N/A,N/A,N/A,N/A,N/A,N/A,N/A,N/A,N/A,N/A,N/A,N/A,N/A,N/A,N/A,N/A,N/A,N/A,N/A,N/A,N/A,N/A,N/A,N/A,N/A,N/A,N/A,N/A,N/A,N/A,N/A,N/A,N/A,N/A,N/A,N/A,N/A,N/A,N/A,N/A,N/A,N/A,N/A,0.06262258014082908,2.152226742624918,0.9890782833099365,0.6328475560460772,0.9932469888625712,0.006753011137428816,0.10057049563952855
phaseB_mor_seed43__93eb15bc,canonical_phase_b,mor,canonical,True,43,more6-v1-seed42-n70000-3c1087b6aad9,fixed-file-splits-v1,93eb15bcee558cfcd160e765ad2c5d19533314868125aa01c06a92bc6a666c57,f7166b4fa4f5dcf34d0284fcaa5a686ad4d835f9,True,3197710,50,1.0,phaseB_mor_seed43__93eb15bc,N/A,0.0626084580208574,N/A,0.9587466754974463,0.6066213150819143,3.112497180700302,95.52684426307678,1.1672978289425373,0.191133888438344,0.0022276675736065954,0.0,0.0,N/A,N/A,N/A,1.0,445407.0,1.0,1.0,0.0,0.0,N/A,0.0,N/A,445407.0,50,N/A,N/A,100.0,N/A,N/A,N/A,N/A,N/A,1.0,224450.0,0.0,0.0,0.9999999900658926,0.18849367361802322,N/A,1,5020.353102107245,3197710,2.0330827067669173,2.016456180635285,1.9699781659388647,2.016842706251784,1.5540475036354824,2.007493755203997,2.050359712230216,2.02,2.01906941266209,2.015312916111851,2.0039370078740157,2.0094530722484807,2.018348623853211,2.013824884792627,2.0275689223057642,2.0,1.920485919381557,1.1465677179962894,2.0,2.001335113484646,2.016634050880626,2.0201117318435755,N/A,N/A,N/A,N/A,1.9916729927062988,N/A,2.2237101755961656e-05,N/A,N/A,N/A,2.2237101755961656e-05,0.27162091739666766,0.0,0.27162091739666766,N/A,0.6149010895154415,N/A,0.061355700238774985,0.06163843998160118,0.06287191023571151,N/A,N/A,N/A,N/A,N/A,N/A,N/A,N/A,N/A,N/A,N/A,N/A,N/A,N/A,N/A,N/A,N/A,N/A,N/A,N/A,N/A,N/A,N/A,N/A,N/A,N/A,N/A,N/A,N/A,N/A,N/A,N/A,N/A,N/A,N/A,N/A,N/A,N/A,N/A,N/A,N/A,N/A,N/A,N/A,0.06287191023571151,2.1430334325628055,0.9332259808267865,0.5894173213413784,1.0,0.0,0.18278931294168746
phaseB_mor_seed44__5bb04148,canonical_phase_b,mor,canonical,True,44,more6-v1-seed42-n70000-3c1087b6aad9,fixed-file-splits-v1,5bb04148ebdf006ead8fcb4428e52042251eb762662236b4100353b6c50aecf1,f7166b4fa4f5dcf34d0284fcaa5a686ad4d835f9,True,3197710,50,1.0,phaseB_mor_seed44__5bb04148,N/A,0.06254529512354305,N/A,0.9548083681326646,0.6008191742958167,0.674537755548954,96.94586992263794,2.2009355947375298,0.16440186882391572,0.01425707305315882,0.0,0.0,N/A,N/A,N/A,1.0,453160.0,1.0,1.0,0.0,0.0,N/A,0.0,N/A,453160.0,50,N/A,N/A,100.0,N/A,N/A,N/A,N/A,N/A,1.0,224450.0,0.0,0.0,0.9999999908300546,0.13016350796589485,N/A,1,4803.361752603433,3197710,2.0456140350877194,2.0114810562571757,1.9716157205240175,2.045104196403083,2.0033931168201646,2.0139883430474605,2.049331963001028,2.0526315789473686,2.026697177726926,2.0199733688415447,2.020997375328084,2.0155300472653614,2.021046950890448,1.9961597542242704,2.0288220551378444,2.0441860465116277,1.921038100496963,2.0,2.0071065989847714,1.999332443257677,2.0420743639921723,2.052513966480447,N/A,N/A,N/A,N/A,2.0196220874786377,N/A,2.681708277426272e-05,N/A,N/A,N/A,2.681708277426272e-05,0.2686419368554384,0.0,0.2686419368554384,N/A,0.562765543277447,N/A,0.061459572364886604,0.06174162302452784,0.06270173181806292,N/A,N/A,N/A,N/A,N/A,N/A,N/A,N/A,N/A,N/A,N/A,N/A,N/A,N/A,N/A,N/A,N/A,N/A,N/A,N/A,N/A,N/A,N/A,N/A,N/A,N/A,N/A,N/A,N/A,N/A,N/A,N/A,N/A,N/A,N/A,N/A,N/A,N/A,N/A,N/A,N/A,N/A,N/A,N/A,0.06270173181806292,2.1133985280546037,0.9339802946363177,0.5857743620872498,1.0,0.0,0.1091238898890359
phaseB_mor_seed45__e5955ef2,canonical_phase_b,mor,canonical,True,45,more6-v1-seed42-n70000-3c1087b6aad9,fixed-file-splits-v1,e5955ef2bff8f02a3af826764a1eb7bf7aa6d34968ff3512238eba907ee988bc,f7166b4fa4f5dcf34d0284fcaa5a686ad4d835f9,True,3197710,50,1.0,phaseB_mor_seed45__e5955ef2,N/A,0.06249874422379902,N/A,0.9437072666791769,0.6030941231128497,1.0296279564499855,97.08933234214783,1.7701046541333199,0.10559144429862499,0.005346402394934557,0.0,0.0,N/A,N/A,N/A,1.0,451072.0,1.0,1.0,0.0,0.0,N/A,0.0,N/A,451072.0,50,N/A,N/A,100.0,N/A,N/A,N/A,N/A,N/A,1.0,224450.0,0.0,0.0,0.9999999954150274,0.16065779099097618,N/A,1,5142.455747329671,3197710,2.0385964912280703,1.9827784156142365,2.0068231441048034,2.0405366828432774,2.0,2.01781848459617,2.038026721479959,2.0736842105263156,2.0205949656750573,2.0219707057256993,2.0301837270341205,2.0222822417285617,2.0188882892606586,1.944700460829493,2.031328320802005,2.01046511627907,1.9944781888459415,2.0,2.0,1.9966622162883845,2.0391389432485325,2.042458100558659,N/A,N/A,N/A,N/A,2.020124912261963,N/A,2.6338517599446604e-05,N/A,N/A,N/A,2.6338517599446604e-05,0.27129943859882844,0.0,0.27129943859882844,N/A,0.5829605781115018,N/A,0.0613611294195438,0.0616455981746698,0.06274572857788631,N/A,N/A,N/A,N/A,N/A,N/A,N/A,N/A,N/A,N/A,N/A,N/A,N/A,N/A,N/A,N/A,N/A,N/A,N/A,N/A,N/A,N/A,N/A,N/A,N/A,N/A,N/A,N/A,N/A,N/A,N/A,N/A,N/A,N/A,N/A,N/A,N/A,N/A,N/A,N/A,N/A,N/A,N/A,N/A,0.06274572857788631,2.124209172866376,0.9325476544243949,0.5871787071228027,1.0,0.0,0.15857282068048204
phaseB_mor_seed46__2ffafc33,canonical_phase_b,mor,canonical,True,46,more6-v1-seed42-n70000-3c1087b6aad9,fixed-file-splits-v1,2ffafc337fc9ace74b6908d2bcc3d32ac022d936f3aad193c1eb0e4a8f7adb02,f7166b4fa4f5dcf34d0284fcaa5a686ad4d835f9,True,3197710,50,1.0,phaseB_mor_seed46__2ffafc33,N/A,0.06247304580892835,N/A,0.9249879297537681,0.574464521346948,0.7770104799419641,97.5954532623291,1.4190242625772953,0.17464914126321673,0.033415015786886215,0.0004455335329112131,0.0,N/A,N/A,N/A,1.0,451354.0,1.0,1.0,0.0,0.0,N/A,0.0,N/A,451354.0,50,N/A,N/A,100.0,N/A,N/A,N/A,N/A,N/A,1.0,224450.0,0.0,0.0,0.9999999961791894,0.10579275072385104,N/A,1,4537.4675280328265,3197710,2.039097744360902,2.0,1.9991812227074235,2.027690550956323,2.0014541929229277,2.019317235636969,2.035971223021583,2.0157894736842104,2.0,2.0426098535286283,2.0249343832021,2.014854827819041,2.018348623853211,2.0,2.026315789473684,2.031395348837209,1.9795692987299833,2.0,2.003045685279188,1.9946595460614152,2.0420743639921723,2.0379888268156425,N/A,N/A,N/A,N/A,2.004497766494751,N/A,2.678885233856421e-05,N/A,N/A,N/A,2.678885233856421e-05,0.2645836285291574,0.0,0.2645836285291574,N/A,0.5190467750414823,N/A,0.061552975613337294,0.061830953909800604,0.06258627298048565,N/A,N/A,N/A,N/A,N/A,N/A,N/A,N/A,N/A,N/A,N/A,N/A,N/A,N/A,N/A,N/A,N/A,N/A,N/A,N/A,N/A,N/A,N/A,N/A,N/A,N/A,N/A,N/A,N/A,N/A,N/A,N/A,N/A,N/A,N/A,N/A,N/A,N/A,N/A,N/A,N/A,N/A,N/A,N/A,0.06258627298048565,2.1087552177168902,0.922629041331155,0.5744066153253827,1.0,0.0,0.09032996850354331
phaseB_more_seed42__989e89cc,canonical_phase_b,more,canonical,True,42,more6-v1-seed42-n70000-3c1087b6aad9,fixed-file-splits-v1,989e89cc9efc5a68c173fb67ae5d63555773e8e3b70e3840478339840ee18004,f7166b4fa4f5dcf34d0284fcaa5a686ad4d835f9,True,3201555,50,1.0,phaseB_more_seed42__989e89cc,N/A,0.06309703715358461,N/A,1.010042001803716,0.6865241069060105,0.005346402394934557,96.50835394859314,2.8487414121627808,0.45177098363637924,0.14880819944664836,0.030296278418973088,0.006683002720819786,0.04774438589811325,0.024469923662642636,N/A,1.0,458659.0,6.0,1.0,0.0,0.0,N/A,0.0,N/A,458659.0,50,N/A,N/A,19.283388555049896,13.472099602222443,17.18117445707321,11.82338073849678,14.988040924072266,23.251914978027344,0.9999331699710403,224435.0,6.683002895967921e-05,15.0,0.9999999946508652,0.3097773836209224,N/A,6,2216.054456420773,3201555,2.0416040100250625,2.047455032529659,2.037663755458515,2.0556665715101343,2.038293746970431,2.022647793505412,2.0195272353545737,2.111578947368421,2.0945842868039666,2.0466045272969375,2.026246719160105,2.0182309250506414,2.072854830005397,2.0,2.1090225563909772,2.0,2.0016565433462175,2.0584415584415585,2.016243654822335,1.999332443257677,2.0626223091976517,2.0022346368715085,N/A,N/A,N/A,-0.7691823480985104,2.050936460494995,0.012881444503566965,3.165477000248547e-05,1.7880044743982713,0.9979042974828527,0.9857139587402344,3.165477000248547e-05,0.2941644860383792,0.0,0.2941644860383792,-0.7691823480985104,0.5665140923781272,1.0188221450981492,0.0597124296025588,0.05925323876241843,0.06330719753674098,0.12105024441868668,0.4657684778615231,N/A,0.016080097087378644,0.45715323166303556,0.0,0.3937743190661478,0.028543111992071355,0.0011417697431018077,0.6855535463130399,0.45715323166303556,0.6438976618925205,0.3937743190661478,0.2816816816816817,0.6990901213171576,0.5428614624804717,N/A,0.13886385118912667,0.5559521106660122,0.011529258211877311,0.43488773747841103,0.0,0.6182040317654246,0.02414486921529175,0.0013318534961154272,0.5720992622401073,0.43488773747841103,0.5837957824639289,0.6182040317654246,0.2040461170328475,1.0,0.5901829360479767,0.026566416040100252,0.48182166092613854,0.0,0.28889523265772193,0.0349006301502666,0.0009991673605328892,0.8551378446115289,0.48182166092613854,0.7177947598253275,0.28889523265772193,0.45467765390208437,0.5373855120732722,0.06330719753674098,2.354914521375611,1.056637508528573,0.7292066301618304,1.0,0.0,0.24610815729413713
phaseB_more_seed43__909a3dc4,canonical_phase_b,more,canonical,True,43,more6-v1-seed42-n70000-3c1087b6aad9,fixed-file-splits-v1,909a3dc4958fe19abc797c4397368319fc27be602632d5fdb391b38fcf39a162,f7166b4fa4f5dcf34d0284fcaa5a686ad4d835f9,True,3201555,50,1.0,phaseB_more_seed43__909a3dc4,N/A,0.06276596009305545,N/A,1.1527860867671478,0.794950775611095,1.3842727057635784,91.26486778259277,3.084874153137207,2.725328505039215,1.1552684009075165,0.3279126714915037,0.05747382529079914,0.08286204189062119,0.030810225615277888,N/A,1.0,476319.0,6.0,1.0,0.0,0.0,N/A,0.0,N/A,476319.0,50,N/A,N/A,13.510693609714508,16.99029505252838,17.622223496437073,17.680588364601135,22.303959727287292,11.89224049448967,0.9994252617509468,224321.0,0.0005747382490532412,129.0,0.9999999900658926,0.28435698724710023,N/A,6,1834.0882137311387,3201555,3.4075187969924814,2.038270187523919,1.9959061135371179,2.0331144733085926,1.9995152690256908,2.0366361365528727,2.044193216855087,2.0778947368421052,2.0762776506483602,2.033954727030626,2.122047244094488,1.9986495611073598,2.0496492174851593,2.0,2.0288220551378444,1.9976744186046511,1.9409166206515738,1.9860853432282004,2.0142131979695432,1.9899866488651536,4.705479452054795,2.023463687150838,N/A,N/A,N/A,-0.7790592756026831,2.1279335021972656,0.012941722559348386,4.6508819137577513e-05,1.790446523053888,0.9992672307881076,0.988829493522644,4.6508819137577513e-05,0.3008181345768464,0.0,0.3008181345768464,-0.7790592756026831,0.652702680000892,1.011387280073649,0.06019749473302792,0.059742508026269764,0.06334108510613441,0.018293604797661643,0.481660129104243,N/A,0.04359383306751728,0.0,0.06400931044515565,0.0,0.0,0.014849074975657253,0.4693295292439372,0.40117085194885227,0.7290264692687305,0.46556630620375644,0.011488250652741514,0.6489419424850787,0.5133800332610996,N/A,0.018550771085542064,0.47593902692471984,0.04640633842671194,0.0,0.06853582554517133,0.0,0.0,0.027589326096788783,0.44640434192673,0.33574007220216606,0.6188118811881188,0.46411347517730495,0.01245048104131296,0.9314641744548287,0.5955248702313158,0.04110275689223058,0.0,0.060043668122270744,0.0,0.0,0.01015820149875104,0.49473684210526314,0.49827784156142363,0.8870087336244541,0.4670282614901513,0.010664081434803683,0.49791840133222315,0.06334108510613441,2.5301197653533363,1.1437043803078788,0.8366656729153225,1.0,0.0,0.333082663161414
phaseB_more_seed44__ba0c483d,canonical_phase_b,more,canonical,True,44,more6-v1-seed42-n70000-3c1087b6aad9,fixed-file-splits-v1,ba0c483d1dcce574505cb59a4cbe199cc85c73929d3944c79049f334d87d14da,f7166b4fa4f5dcf34d0284fcaa5a686ad4d835f9,True,3201555,50,1.0,phaseB_more_seed44__ba0c483d,N/A,0.06283038783499173,N/A,0.8514429506583091,0.5803412489401989,3.865448758006096,93.9933180809021,1.7197594046592712,0.25439963210374117,0.10247271275147796,0.04856315499637276,0.01603920682100579,0.0829666256904602,0.024565481394529343,N/A,1.0,446532.0,6.0,1.0,0.0,0.0,N/A,0.0,N/A,446532.0,50,N/A,N/A,16.875386238098145,11.63477674126625,14.394712448120117,18.80872994661331,13.895085453987122,24.391308426856995,0.9998396079304968,224414.0,0.0001603920695032301,36.0,0.9999999908300546,0.3267743151921492,N/A,6,2168.949184947271,3201555,2.068170426065163,1.557596632223498,2.0185589519650655,1.8481301741364544,2.007270964614639,2.011157368859284,2.0030832476875644,2.0789473684210527,2.0,2.041278295605859,2.0039370078740157,2.0054017555705603,2.036697247706422,1.1121351766513057,1.1403508771929824,2.0453488372093025,2.0,2.0139146567718,2.0,1.993991989319092,2.1301369863013697,2.0446927374301676,N/A,N/A,N/A,-0.765847507195595,1.978197693824768,0.01272239764767254,3.930550841547441e-05,1.7885420763594466,0.9982043388502395,0.9835110902786255,3.930550841547441e-05,0.2895210347114465,0.0,0.2895210347114465,-0.765847507195595,0.5939333033867371,1.0226945933441247,0.06019679060540138,0.05974011658093868,0.06322203385829926,0.09756589225419543,0.5802230269590691,N/A,0.9176011701608973,0.0,0.0,0.013576367064739157,0.0,0.0,0.9176011701608973,0.9647738209817132,0.41030064070970923,0.7122851686823678,0.4445360824742269,0.3796423658872077,0.6050496396714207,N/A,0.15979562570905329,0.6817469106677113,0.8932130991931656,0.0,0.0,0.012129380053908356,0.0,0.0,0.8932130991931656,0.9705654531371031,0.37398921832884097,0.5667735944622657,0.3867958378184428,0.7620481927710844,0.6816005644307817,0.943358395989975,0.0,0.0,0.015415358264344847,0.0,0.0,0.943358395989975,0.9590508993494068,0.45442139737991266,0.9583214387667713,0.5225399903053806,0.25278934221482097,0.06322203385829926,2.258093662201406,0.8842851264136178,0.5962024927139282,0.998488131834904,0.0015118681650960037,0.3242330551147461
phaseB_more_seed45__891228d4,canonical_phase_b,more,canonical,True,45,more6-v1-seed42-n70000-3c1087b6aad9,fixed-file-splits-v1,891228d42f066d003fa751a7942cb8d51f359ff83cb02a6b4507b9961eb31348,f7166b4fa4f5dcf34d0284fcaa5a686ad4d835f9,True,3201555,50,1.0,phaseB_more_seed45__891228d4,N/A,0.06313187405892781,N/A,0.9436221756996253,0.6547831640793726,0.4107818938791752,93.50501298904419,5.548229068517685,0.48162173479795456,0.043662285315804183,0.00846513721626252,0.0022276675736065954,0.04580993205308914,0.019225137820467354,N/A,1.0,462988.0,6.0,1.0,0.0,0.0,N/A,0.0,N/A,462988.0,50,N/A,N/A,17.528748512268066,19.398559629917145,11.353857815265656,20.237457752227783,15.551374852657318,15.930002927780151,0.9999777233236801,224445.0,2.2276676319893072e-05,5.0,0.9999999954150274,0.23603810178927886,N/A,6,2596.5909919821306,3201555,2.0,2.0,2.0,2.0573793890950616,1.9461948618516722,2.1243963363863445,2.0,2.1578947368421053,2.0,2.0013315579227697,2.4501312335958003,2.0303848750844025,2.0,2.0,2.06390977443609,2.0,2.0,1.8970315398886828,2.0,2.0093457943925235,2.0,2.0,N/A,N/A,N/A,-0.7711764703958462,2.0569047927856445,0.01277425484598358,4.071034130995544e-05,1.7900521235479105,0.999047112232715,0.991061270236969,4.071034130995544e-05,0.28734580943217647,0.0,0.28734580943217647,-0.7711764703958462,0.5918927911000375,1.0188756655405875,0.060369585521328144,0.059906109737662167,0.0633129286978926,0.48929093383057,0.5383953047480011,N/A,0.5939299610894941,0.8336257776359866,0.671741888707631,0.2569615334801192,0.0,0.5157384987893463,0.5939299610894941,0.8336257776359866,0.671741888707631,0.2599869024230518,0.3362521891418564,0.5157384987893463,0.5325303633523156,N/A,0.522580518914617,0.5984726736759468,0.4306997742663657,0.7147155361050328,1.0,0.23518255097202465,0.0,0.7604673807205453,0.4306997742663657,0.7147155361050328,1.0,0.3047984644913628,0.2503556187766714,0.7604673807205453,0.6399233986796351,0.956390977443609,1.0,0.5057314410480349,0.2831858407079646,0.0,0.39017485428809323,0.956390977443609,1.0,0.5057314410480349,0.22666286040536682,0.5118759088705769,0.39017485428809323,0.0633129286978926,2.270198179734352,0.9622021062033517,0.6593696049281529,1.0,0.0,0.21172186945165908
phaseB_more_seed46__0a9dce12,canonical_phase_b,more,canonical,True,46,more6-v1-seed42-n70000-3c1087b6aad9,fixed-file-splits-v1,0a9dce122c794e221402d043cd590c425da59ce7229be6eed43354ee1240c9de,f7166b4fa4f5dcf34d0284fcaa5a686ad4d835f9,True,3201555,50,1.0,phaseB_more_seed46__0a9dce12,N/A,0.06263248544505665,N/A,1.0693942659940474,0.7207815769391183,0.3466250840574503,88.04455399513245,11.189129203557968,0.3060815390199423,0.08420583908446133,0.02272221026942134,0.006683002720819786,0.1068945899605751,0.031187717244029044,N/A,1.0,475456.0,6.0,1.0,0.0,0.0,N/A,0.0,N/A,475456.0,50,N/A,N/A,23.54266196489334,16.274692118167877,11.731895059347153,15.593871474266052,16.70186072587967,16.155017912387848,0.9999331699710403,224435.0,6.683002895967921e-05,15.0,0.9999999961791894,0.267548714692776,N/A,6,2309.559148088837,3201555,2.255639097744361,2.0252583237657866,2.011735807860262,2.2386525834998574,2.0538051381483275,2.106744379683597,2.5251798561151078,2.0,2.0,2.3828229027962715,2.009186351706037,2.0229574611748817,2.0232056125202376,2.0506912442396312,2.0413533834586466,2.0,2.0,2.1066790352504636,1.9959390862944162,2.012016021361816,1.9990215264187867,2.8972067039106144,N/A,N/A,N/A,-0.7599545098268069,2.107196569442749,0.012518113878928807,5.016981427056285e-05,1.784119991228548,0.9957363261471707,0.9881715774536133,5.016981427056285e-05,0.29822512773367077,0.0,0.29822512773367077,-0.7599545098268069,0.5291628279747107,1.0241654966322205,0.06070838763545721,0.06027174306412538,0.0627483518762248,0.08814191402509701,0.3872565017079172,N/A,0.13838592860838075,0.0,0.10113636363636364,0.3102656608724172,0.0,0.0002357934449422306,0.2965494791666667,0.5887916765192717,0.5028496987461326,0.3102656608724172,0.36834208552138037,0.512689490717084,0.43531724033664265,N/A,0.1018770620369015,0.4336353056318932,0.09325431410144674,0.0,0.16522277227722773,0.3645472061657033,0.0,0.0004037141703673799,0.2195709809592673,0.7704207920792079,0.6233346790472346,0.3645472061657033,0.3003976751300092,0.5246644587763639,0.5163533739857884,0.2681704260651629,0.0,0.0728711790393013,0.2700542392235227,0.0,0.00016652789342214822,0.45664160401002507,0.4764638346727899,0.42139737991266374,0.2700542392235227,0.47600581677169174,0.5012489592006661,0.0627483518762248,2.352299092800358,0.9230742454528809,0.6454973987170628,0.9999496043944968,5.039560550320012e-05,0.21022877310003554
