metric,architecture,mean,std,n_numeric,n_na,n_bool
architecture,moe,N/A,N/A,0,5,0
architecture,mor,N/A,N/A,0,5,0
architecture,more,N/A,N/A,0,5,0
best_val_loss,moe,0.06281927393,0.0001938375953,5,0,0
best_val_loss,mor,0.0625269535,5.242978371e-05,5,0,0
best_val_loss,more,0.06289154892,0.000215991147,5,0,0
config_hash,moe,N/A,N/A,0,5,0
config_hash,mor,N/A,N/A,0,5,0
config_hash,more,N/A,N/A,0,5,0
depth/allocation_error_abs,moe,N/A,N/A,0,5,0
depth/allocation_error_abs,mor,0.9509453902,0.01778735932,5,0,0
depth/allocation_error_abs,more,1.005457496,0.1154975421,5,0,0
depth/allocation_error_rel,moe,N/A,N/A,0,5,0
depth/allocation_error_rel,mor,0.6004490646,0.0158316919,5,0,0
depth/allocation_error_rel,more,0.6874761745,0.07938461966,5,0,0
depth_dist/step_1_pct,moe,100,0,5,0,0
depth_dist/step_1_pct,mor,1.123546437,1.172104384,5,0,0
depth_dist/step_1_pct,more,1.202494969,1.574551807,5,0,0
depth_dist/step_2_pct,moe,N/A,N/A,0,5,0
depth_dist/step_2_pct,mor,97.11927056,1.064757418,5,0,0
depth_dist/step_2_pct,more,92.66322136,3.183955716,5,0,0
depth_dist/step_3_pct,moe,N/A,N/A,0,5,0
depth_dist/step_3_pct,mor,1.457785675,0.5619376183,5,0,0
depth_dist/step_3_pct,more,4.878146648,3.794312622,5,0,0
depth_dist/step_4_pct,moe,N/A,N/A,0,5,0
depth_dist/step_4_pct,mor,0.1812430378,0.05938010863,5,0,0
depth_dist/step_4_pct,more,0.8438404789,1.05611828,5,0,0
depth_dist/step_5_pct,moe,N/A,N/A,0,5,0
depth_dist/step_5_pct,mor,0.05961238618,0.1031318212,5,0,0
depth_dist/step_5_pct,more,0.3068834875,0.4757623512,5,0,0
depth_dist/step_6_pct,moe,N/A,N/A,0,5,0
depth_dist/step_6_pct,mor,0.03448429527,0.07686040967,5,0,0
depth_dist/step_6_pct,more,0.08759189048,0.1351196004,5,0,0
depth_dist/step_7_pct,moe,N/A,N/A,0,5,0
depth_dist/step_7_pct,mor,0.0240588095,0.05379713351,5,0,0
depth_dist/step_7_pct,more,0.01782134103,0.02273094434,5,0,0
diag/max_pairwise_cosine_sim,moe,0.05115239657,0.02387039331,5,0,0
diag/max_pairwise_cosine_sim,mor,N/A,N/A,0,5,0
diag/max_pairwise_cosine_sim,more,0.0732555151,0.02608762219,5,0,0
diag/mean_pairwise_cosine_sim,moe,0.02272533446,0.007462807602,5,0,0
diag/mean_pairwise_cosine_sim,mor,N/A,N/A,0,5,0
diag/mean_pairwise_cosine_sim,more,0.02605169715,0.005008369307,5,0,0
dispatch/capacity_policy,moe,N/A,N/A,0,5,0
dispatch/capacity_policy,mor,N/A,N/A,0,5,0
dispatch/capacity_policy,more,N/A,N/A,0,5,0
dispatch/evals_per_token,moe,1,0,5,0,0
dispatch/evals_per_token,mor,1,0,5,0,0
dispatch/evals_per_token,more,1,0,5,0,0
dispatch/expert_evaluations,moe,224450,0,5,0,0
dispatch/expert_evaluations,mor,451444.8,3951.32493,5,0,0
dispatch/expert_evaluations,more,463990.8,12426.57156,5,0,0
dispatch/experts_called_max,moe,6,0,5,0,0
dispatch/experts_called_max,mor,1,0,5,0,0
dispatch/experts_called_max,more,6,0,5,0,0
dispatch/max_load_fraction,moe,0.2371227413,0.0165906634,5,0,0
dispatch/max_load_fraction,mor,1,0,5,0,0
dispatch/max_load_fraction,more,1,0,5,0,0
dispatch/overflow_rate,moe,0,0,5,0,0
dispatch/overflow_rate,mor,0,0,5,0,0
dispatch/overflow_rate,more,0,0,5,0,0
dispatch/overflow_tokens,moe,0,0,5,0,0
dispatch/overflow_tokens,mor,0,0,5,0,0
dispatch/overflow_tokens,more,0,0,5,0,0
dispatch/router_noise,moe,N/A,N/A,0,5,0
dispatch/router_noise,mor,N/A,N/A,0,5,0
dispatch/router_noise,more,N/A,N/A,0,5,0
dispatch/router_noise_scale,moe,0,0,5,0,0
dispatch/router_noise_scale,mor,0,0,5,0,0
dispatch/router_noise_scale,more,0,0,5,0,0
dispatch/routing_mode,moe,N/A,N/A,0,5,0
dispatch/routing_mode,mor,N/A,N/A,0,5,0
dispatch/routing_mode,more,N/A,N/A,0,5,0
dispatch/tokens_dispatched,moe,224450,0,5,0,0
dispatch/tokens_dispatched,mor,451444.8,3951.32493,5,0,0
dispatch/tokens_dispatched,more,463990.8,12426.57156,5,0,0
epoch,moe,50,0,5,0,0
epoch,mor,50,0,5,0,0
epoch,more,50,0,5,0,0
experiment_group,moe,N/A,N/A,0,5,0
experiment_group,mor,N/A,N/A,0,5,0
experiment_group,more,N/A,N/A,0,5,0
experiment_id,moe,N/A,N/A,0,5,0
experiment_id,mor,N/A,N/A,0,5,0
experiment_id,more,N/A,N/A,0,5,0
expert_load/expert_0_pct,moe,15.91837823,2.788591317,5,0,0
expert_load/expert_0_pct,mor,100,0,5,0,0
expert_load/expert_0_pct,more,18.14817578,3.670800781,5,0,0
expert_load/expert_1_pct,moe,19.09057677,2.325348629,5,0,0
expert_load/expert_1_pct,mor,N/A,N/A,0,5,0
expert_load/expert_1_pct,more,15.55408463,3.043747671,5,0,0
expert_load/expert_2_pct,moe,15.41412339,4.902610325,5,0,0
expert_load/expert_2_pct,mor,N/A,N/A,0,5,0
expert_load/expert_2_pct,more,14.45677266,2.936806688,5,0,0
expert_load/expert_3_pct,moe,15.75549126,2.218014575,5,0,0
expert_load/expert_3_pct,mor,N/A,N/A,0,5,0
expert_load/expert_3_pct,more,16.82880566,3.272761988,5,0,0
expert_load/expert_4_pct,moe,17.44789466,4.795515999,5,0,0
expert_load/expert_4_pct,mor,N/A,N/A,0,5,0
expert_load/expert_4_pct,more,16.68806434,3.298535471,5,0,0
expert_load/expert_5_pct,moe,16.37353539,2.445203401,5,0,0
expert_load/expert_5_pct,mor,N/A,N/A,0,5,0
expert_load/expert_5_pct,more,18.32409695,5.312716187,5,0,0
halt/early_exit_rate,moe,N/A,N/A,0,5,0
halt/early_exit_rate,mor,0.9997594119,0.0005379713557,5,0,0
halt/early_exit_rate,more,0.9998217866,0.0002273094412,5,0,0
halt/early_exits,moe,0,0,5,0,0
halt/early_exits,mor,224396,120.7476708,5,0,0
halt/early_exits,more,224410,51.01960408,5,0,0
halt/forced_exit_rate,moe,N/A,N/A,0,5,0
halt/forced_exit_rate,mor,0.0002405881043,0.0005379713557,5,0,0
halt/forced_exit_rate,more,0.0001782134106,0.0002273094412,5,0,0
halt/forced_exits,moe,224450,0,5,0,0
halt/forced_exits,mor,54,120.7476708,5,0,0
halt/forced_exits,more,40,51.01960408,5,0,0
halt/mean_halt_mass,moe,N/A,N/A,0,5,0
halt/mean_halt_mass,mor,0.9999999934,2.786835421e-09,5,0,0
halt/mean_halt_mass,more,0.9999999934,2.786835421e-09,5,0,0
halt/mean_remainder,moe,N/A,N/A,0,5,0
halt/mean_remainder,mor,0.1418264067,0.03272543753,5,0,0
halt/mean_remainder,more,0.2848991005,0.03557101891,5,0,0
halting_mode,moe,N/A,N/A,0,5,0
halting_mode,mor,N/A,N/A,0,5,0
halting_mode,more,N/A,N/A,0,5,0
num_experts,moe,6,0,5,0,0
num_experts,mor,1,0,5,0,0
num_experts,more,6,0,5,0,0
perf/throughput_tokens_sec,moe,8485.373667,362.4175028,5,0,0
perf/throughput_tokens_sec,mor,4574.256095,712.6732994,5,0,0
perf/throughput_tokens_sec,more,2225.048399,274.4375359,5,0,0
prov/total_params,moe,3201555,0,5,0,0
prov/total_params,mor,3197710,0,5,0,0
prov/total_params,more,3201555,0,5,0,0
recursion/avg_depth_by_family/E1_ADD_SUB,moe,1,0,5,0,0
recursion/avg_depth_by_family/E1_ADD_SUB,mor,2.051528822,0.02814927987,5,0,0
recursion/avg_depth_by_family/E1_ADD_SUB,more,2.354586466,0.5966952327,5,0,0
recursion/avg_depth_by_family/E2_MULT_DIV,moe,1,0,5,0,0
recursion/avg_depth_by_family/E2_MULT_DIV,mor,2.002143131,0.01300229269,5,0,0
recursion/avg_depth_by_family/E2_MULT_DIV,more,1.933716035,0.2110139155,5,0,0
recursion/avg_depth_by_family/E3_MOD_POW,moe,1,0,5,0,0
recursion/avg_depth_by_family/E3_MOD_POW,mor,1.991375546,0.01915989406,5,0,0
recursion/avg_depth_by_family/E3_MOD_POW,more,2.012772926,0.01659626541,5,0,0
recursion/avg_depth_by_family/E4_LOGIC,moe,1,0,5,0,0
recursion/avg_depth_by_family/E4_LOGIC,mor,2.039052241,0.01829612934,5,0,0
recursion/avg_depth_by_family/E4_LOGIC,more,2.046588638,0.1384329471,5,0,0
recursion/avg_depth_by_family/E5_SHIFT,moe,1,0,5,0,0
recursion/avg_depth_by_family/E5_SHIFT,mor,1.926708677,0.2107140097,5,0,0
recursion/avg_depth_by_family/E5_SHIFT,more,2.009015996,0.04154232119,5,0,0
recursion/avg_depth_by_family/E6_SORT_STAT,moe,1,0,5,0,0
recursion/avg_depth_by_family/E6_SORT_STAT,mor,2.016186511,0.005709988681,5,0,0
recursion/avg_depth_by_family/E6_SORT_STAT,more,2.060316403,0.05161900009,5,0,0
recursion/avg_depth_by_op/ADD,moe,1,0,5,0,0
recursion/avg_depth_by_op/ADD,mor,2.054676259,0.0259839722,5,0,0
recursion/avg_depth_by_op/ADD,more,2.118396711,0.2280728145,5,0,0
recursion/avg_depth_by_op/AND,moe,1,0,5,0,0
recursion/avg_depth_by_op/AND,mor,2.036210526,0.02574754917,5,0,0
recursion/avg_depth_by_op/AND,more,2.085263158,0.05773182821,5,0,0
recursion/avg_depth_by_op/DIV,moe,1,0,5,0,0
recursion/avg_depth_by_op/DIV,mor,2.013272311,0.01244752168,5,0,0
recursion/avg_depth_by_op/DIV,more,2.034172387,0.04723797986,5,0,0
recursion/avg_depth_by_op/MAX,moe,1,0,5,0,0
recursion/avg_depth_by_op/MAX,mor,2.035153129,0.02506814725,5,0,0
recursion/avg_depth_by_op/MAX,more,2.101198402,0.1584127269,5,0,0
recursion/avg_depth_by_op/MEDIAN,moe,1,0,5,0,0
recursion/avg_depth_by_op/MEDIAN,mor,2.016666667,0.01235966895,5,0,0
recursion/avg_depth_by_op/MEDIAN,more,2.122309711,0.1894096811,5,0,0
recursion/avg_depth_by_op/MIN,moe,1,0,5,0,0
recursion/avg_depth_by_op/MIN,mor,2.014449696,0.005155600046,5,0,0
recursion/avg_depth_by_op/MIN,more,2.015124916,0.01294062957,5,0,0
recursion/avg_depth_by_op/MOD,moe,1,0,5,0,0
recursion/avg_depth_by_op/MOD,mor,2.018996222,0.001169966724,5,0,0
recursion/avg_depth_by_op/MOD,more,2.036481382,0.02740257058,5,0,0
recursion/avg_depth_by_op/MULT,moe,1,0,5,0,0
recursion/avg_depth_by_op/MULT,mor,1.99093702,0.02670779813,5,0,0
recursion/avg_depth_by_op/MULT,more,1.832565284,0.4033303939,5,0,0
recursion/avg_depth_by_op/NOT,moe,1,0,5,0,0
recursion/avg_depth_by_op/NOT,mor,2.028320802,0.001900470036,5,0,0
recursion/avg_depth_by_op/NOT,more,1.876691729,0.4127599655,5,0,0
recursion/avg_depth_by_op/OR,moe,1,0,5,0,0
recursion/avg_depth_by_op/OR,mor,2.045581395,0.05653243946,5,0,0
recursion/avg_depth_by_op/OR,more,2.008604651,0.02056529393,5,0,0
recursion/avg_depth_by_op/POW,moe,1,0,5,0,0
recursion/avg_depth_by_op/POW,mor,1.963114301,0.03937829596,5,0,0
recursion/avg_depth_by_op/POW,more,1.988514633,0.02661776452,5,0,0
recursion/avg_depth_by_op/SHIFT_L,moe,1,0,5,0,0
recursion/avg_depth_by_op/SHIFT_L,mor,1.856586271,0.4012805168,5,0,0
recursion/avg_depth_by_op/SHIFT_L,more,2.012430427,0.07907748399,5,0,0
recursion/avg_depth_by_op/SHIFT_R,moe,1,0,5,0,0
recursion/avg_depth_by_op/SHIFT_R,mor,2.003451777,0.003560543739,5,0,0
recursion/avg_depth_by_op/SHIFT_R,more,2.005279188,0.009260308021,5,0,0
recursion/avg_depth_by_op/SORT,moe,1,0,5,0,0
recursion/avg_depth_by_op/SORT,mor,1.998397864,0.002695144091,5,0,0
recursion/avg_depth_by_op/SORT,more,2.000934579,0.009541625567,5,0,0
recursion/avg_depth_by_op/SUB,moe,1,0,5,0,0
recursion/avg_depth_by_op/SUB,mor,2.04853229,0.03212315504,5,0,0
recursion/avg_depth_by_op/SUB,more,2.579452055,1.189711498,5,0,0
recursion/avg_depth_by_op/XOR,moe,1,0,5,0,0
recursion/avg_depth_by_op/XOR,mor,2.045363128,0.01972945189,5,0,0
recursion/avg_depth_by_op/XOR,more,2.193519553,0.3937904777,5,0,0
router_noise,moe,N/A,N/A,0,5,0
router_noise,mor,N/A,N/A,0,5,0
router_noise,more,N/A,N/A,0,5,0
routing_balance_normalization,moe,N/A,N/A,0,5,0
routing_balance_normalization,mor,N/A,N/A,0,5,0
routing_balance_normalization,more,N/A,N/A,0,5,0
routing_mode,moe,N/A,N/A,0,5,0
routing_mode,mor,N/A,N/A,0,5,0
routing_mode,more,N/A,N/A,0,5,0
train/aux_routing_loss,moe,-0.8004768657,0.009336205164,5,0,0
train/aux_routing_loss,mor,N/A,N/A,0,5,0
train/aux_routing_loss,more,-0.7690440222,0.007030446526,5,0,0
train/avg_recursion_steps,moe,N/A,N/A,0,5,0
train/avg_recursion_steps,mor,2.016921377,0.02132236749,5,0,0
train/avg_recursion_steps,more,2.064233804,0.0581725811,5,0,0
train/balance_to_task_ratio,moe,0.0132415015,0.0001674570329,5,0,0
train/balance_to_task_ratio,mor,N/A,N/A,0,5,0
train/balance_to_task_ratio,more,0.01276758669,0.0001640198921,5,0,0
train/classification_loss,moe,5.115522932e-05,8.017829507e-06,5,0,0
train/classification_loss,mor,2.699391348e-05,3.765026862e-06,5,0,0
train/classification_loss,more,4.166985063e-05,7.114731378e-06,5,0,0
train/entropy_term,moe,1.785755328,0.001879761639,5,0,0
train/entropy_term,mor,N/A,N/A,0,5,0
train/entropy_term,more,1.788233038,0.00251363721,5,0,0
train/entropy_term_normalized,moe,0.9966490252,0.001049114946,5,0,0
train/entropy_term_normalized,mor,N/A,N/A,0,5,0
train/entropy_term_normalized,more,0.9980318611,0.001402887638,5,0,0
train/expert_load_entropy_normalized,moe,0.9886050344,0.00524132022,5,0,0
train/expert_load_entropy_normalized,mor,N/A,N/A,0,5,0
train/expert_load_entropy_normalized,more,0.987457478,0.002915198045,5,0,0
train/family_cls_loss,moe,5.115522932e-05,8.017829507e-06,5,0,0
train/family_cls_loss,mor,2.699391348e-05,3.765026862e-06,5,0,0
train/family_cls_loss,more,4.166985063e-05,7.114731378e-06,5,0,0
train/halting_loss,moe,N/A,N/A,0,5,0
train/halting_loss,mor,0.2691490408,0.002830072697,5,0,0
train/halting_loss,more,0.2940149185,0.005672389014,5,0,0
train/halting_supervision_loss,moe,0,0,5,0,0
train/halting_supervision_loss,mor,0,0,5,0,0
train/halting_supervision_loss,more,0,0,5,0,0
train/ponder_cost,moe,N/A,N/A,0,5,0
train/ponder_cost,mor,0.2691490408,0.002830072697,5,0,0
train/ponder_cost,more,0.2940149185,0.005672389014,5,0,0
train/routing_balance_loss,moe,-0.8004768657,0.009336205164,5,0,0
train/routing_balance_loss,mor,N/A,N/A,0,5,0
train/routing_balance_loss,more,-0.7690440222,0.007030446526,5,0,0
train/step_routing_loss,moe,0.5892493297,0.04580045063,5,0,0
train/step_routing_loss,mor,0.571475066,0.0349323794,5,0,0
train/step_routing_loss,more,0.586841139,0.04514846884,5,0,0
train/switch_aux_term,moe,0.9852784626,0.01103233228,5,0,0
train/switch_aux_term,mor,N/A,N/A,0,5,0
train/switch_aux_term,more,1.019189036,0.004953642554,5,0,0
train/task_loss,moe,0.06045301205,0.000213824711,5,0,0
train/task_loss,mor,0.06150080116,0.0001731803072,5,0,0
train/task_loss,more,0.06023693762,0.0003599085881,5,0,0
train/total_loss,moe,0.05967811256,0.0002178675902,5,0,0
train/total_loss,mor,0.06178344721,0.000173825268,5,0,0
train/total_loss,more,0.05978274323,0.0003667938852,5,0,0
val/loss,moe,0.06326005875,0.0001532598233,5,0,0
val/loss,mor,0.06270564475,0.0001122670752,5,0,0
val/loss,more,0.06318631942,0.000248839776,5,0,0
val/routing_accuracy,moe,0.2016025803,0.1577579418,5,0,0
val/routing_accuracy,mor,N/A,N/A,0,5,0
val/routing_accuracy,more,0.1628685179,0.1864475565,5,0,0
val/routing_ami,moe,0.5131743614,0.0846978821,5,0,0
val/routing_ami,mor,N/A,N/A,0,5,0
val/routing_ami,more,0.4906606881,0.07364282743,5,0,0
val/routing_collapsed_experts,moe,N/A,N/A,0,5,0
val/routing_collapsed_experts,mor,N/A,N/A,0,5,0
val/routing_collapsed_experts,more,N/A,N/A,0,5,0
val/routing_f1/E1_ADD_SUB,moe,0.3999245891,0.2642364476,5,0,0
val/routing_f1/E1_ADD_SUB,mor,N/A,N/A,0,5,0
val/routing_f1/E1_ADD_SUB,more,0.341918198,0.3973393048,5,0,0
val/routing_f1/E2_MULT_DIV,moe,0.2293994699,0.3341630452,5,0,0
val/routing_f1/E2_MULT_DIV,mor,N/A,N/A,0,5,0
val/routing_f1/E2_MULT_DIV,more,0.2581558019,0.3777230878,5,0,0
val/routing_f1/E3_MOD_POW,moe,0.1353085773,0.2605586605,5,0,0
val/routing_f1/E3_MOD_POW,mor,N/A,N/A,0,5,0
val/routing_f1/E3_MOD_POW,more,0.1673775126,0.2852572358,5,0,0
val/routing_f1/E4_LOGIC,moe,0.1815575068,0.1660491511,5,0,0
val/routing_f1/E4_LOGIC,mor,N/A,N/A,0,5,0
val/routing_f1/E4_LOGIC,more,0.1949155761,0.1785890066,5,0,0
val/routing_f1/E5_SHIFT,moe,0.002555282555,0.005713785495,5,0,0
val/routing_f1/E5_SHIFT,mor,N/A,N/A,0,5,0
val/routing_f1/E5_SHIFT,more,0.005708622398,0.01276486774,5,0,0
val/routing_f1/E6_SORT_STAT,moe,0.2630170728,0.2737738762,5,0,0
val/routing_f1/E6_SORT_STAT,mor,N/A,N/A,0,5,0
val/routing_f1/E6_SORT_STAT,more,0.1063930274,0.2289162904,5,0,0
val/routing_f1_matched/E1_ADD_SUB,moe,0.4030086352,0.2693941901,5,0,0
val/routing_f1_matched/E1_ADD_SUB,mor,N/A,N/A,0,5,0
val/routing_f1_matched/E1_ADD_SUB,more,0.5925927372,0.2329750044,5,0,0
val/routing_f1_matched/E2_MULT_DIV,moe,0.5829510125,0.1872469597,5,0,0
val/routing_f1_matched/E2_MULT_DIV,mor,N/A,N/A,0,5,0
val/routing_f1_matched/E2_MULT_DIV,more,0.6491030717,0.2427185829,5,0,0
val/routing_f1_matched/E3_MOD_POW,moe,0.5391501405,0.05557780271,5,0,0
val/routing_f1_matched/E3_MOD_POW,mor,N/A,N/A,0,5,0
val/routing_f1_matched/E3_MOD_POW,more,0.5915632719,0.1311391142,5,0,0
val/routing_f1_matched/E4_LOGIC,moe,0.4306198848,0.1852861188,5,0,0
val/routing_f1_matched/E4_LOGIC,mor,N/A,N/A,0,5,0
val/routing_f1_matched/E4_LOGIC,more,0.4283756714,0.1771226635,5,0,0
val/routing_f1_matched/E5_SHIFT,moe,0.375247681,0.02595597539,5,0,0
val/routing_f1_matched/E5_SHIFT,mor,N/A,N/A,0,5,0
val/routing_f1_matched/E5_SHIFT,more,0.2884600579,0.1656685546,5,0,0
val/routing_f1_matched/E6_SORT_STAT,moe,0.5805274449,0.107737508,5,0,0
val/routing_f1_matched/E6_SORT_STAT,mor,N/A,N/A,0,5,0
val/routing_f1_matched/E6_SORT_STAT,more,0.5512204838,0.1260927956,5,0,0
val/routing_hungarian_accuracy,moe,0.5003981253,0.05604180086,5,0,0
val/routing_hungarian_accuracy,mor,N/A,N/A,0,5,0
val/routing_hungarian_accuracy,more,0.5258277478,0.06115202,5,0,0
val/routing_hungarian_assignment,moe,N/A,N/A,0,5,0
val/routing_hungarian_assignment,mor,N/A,N/A,0,5,0
val/routing_hungarian_assignment,more,N/A,N/A,0,5,0
val/routing_macro_recall,moe,0.2157020026,0.1414215246,5,0,0
val/routing_macro_recall,mor,N/A,N/A,0,5,0
val/routing_macro_recall,more,0.1883335658,0.1944759733,5,0,0
val/routing_matched_macro_recall,moe,0.5133238939,0.0550877704,5,0,0
val/routing_matched_macro_recall,mor,N/A,N/A,0,5,0
val/routing_matched_macro_recall,more,0.5491492055,0.09844341872,5,0,0
val/routing_precision/E1_ADD_SUB,moe,0.3338708398,0.218839111,5,0,0
val/routing_precision/E1_ADD_SUB,mor,N/A,N/A,0,5,0
val/routing_precision/E1_ADD_SUB,more,0.2950205568,0.3738746884,5,0,0
val/routing_precision/E2_MULT_DIV,moe,0.1864546944,0.2678499384,5,0,0
val/routing_precision/E2_MULT_DIV,mor,N/A,N/A,0,5,0
val/routing_precision/E2_MULT_DIV,more,0.2299206547,0.3300106454,5,0,0
val/routing_precision/E3_MOD_POW,moe,0.1695754358,0.3171899864,5,0,0
val/routing_precision/E3_MOD_POW,mor,N/A,N/A,0,5,0
val/routing_precision/E3_MOD_POW,more,0.2467517196,0.4264867138,5,0,0
val/routing_precision/E4_LOGIC,moe,0.1946439028,0.1818448241,5,0,0
val/routing_precision/E4_LOGIC,mor,N/A,N/A,0,5,0
val/routing_precision/E4_LOGIC,more,0.2460126338,0.2588038662,5,0,0
val/routing_precision/E5_SHIFT,moe,0.001929737754,0.004315024796,5,0,0
val/routing_precision/E5_SHIFT,mor,N/A,N/A,0,5,0
val/routing_precision/E5_SHIFT,more,0.004828973843,0.01079791377,5,0,0
val/routing_precision/E6_SORT_STAT,moe,0.4058893041,0.4247931007,5,0,0
val/routing_precision/E6_SORT_STAT,mor,N/A,N/A,0,5,0
val/routing_precision/E6_SORT_STAT,more,0.1579584549,0.3370160892,5,0,0
val/routing_precision_matched/E1_ADD_SUB,moe,0.347954208,0.2229544289,5,0,0
val/routing_precision_matched/E1_ADD_SUB,mor,N/A,N/A,0,5,0
val/routing_precision_matched/E1_ADD_SUB,more,0.5123974917,0.2476700459,5,0,0
val/routing_precision_matched/E2_MULT_DIV,moe,0.5147113086,0.146526726,5,0,0
val/routing_precision_matched/E2_MULT_DIV,mor,N/A,N/A,0,5,0
val/routing_precision_matched/E2_MULT_DIV,more,0.6452659182,0.2580561991,5,0,0
val/routing_precision_matched/E3_MOD_POW,moe,0.5766164707,0.1095956495,5,0,0
val/routing_precision_matched/E3_MOD_POW,mor,N/A,N/A,0,5,0
val/routing_precision_matched/E3_MOD_POW,more,0.6399863122,0.2259686474,5,0,0
val/routing_precision_matched/E4_LOGIC,moe,0.4207835835,0.181999179,5,0,0
val/routing_precision_matched/E4_LOGIC,mor,N/A,N/A,0,5,0
val/routing_precision_matched/E4_LOGIC,more,0.4636873544,0.131887079,5,0,0
val/routing_precision_matched/E5_SHIFT,moe,0.3045126159,0.0405574797,5,0,0
val/routing_precision_matched/E5_SHIFT,mor,N/A,N/A,0,5,0
val/routing_precision_matched/E5_SHIFT,more,0.230809146,0.1396005393,5,0,0
val/routing_precision_matched/E6_SORT_STAT,moe,0.8631775992,0.1328394901,5,0,0
val/routing_precision_matched/E6_SORT_STAT,mor,N/A,N/A,0,5,0
val/routing_precision_matched/E6_SORT_STAT,more,0.7957288413,0.1843939011,5,0,0
val/routing_purity,moe,0.571455929,0.06296821101,5,0,0
val/routing_purity,mor,N/A,N/A,0,5,0
val/routing_purity,more,0.6047170287,0.06175442829,5,0,0
val/routing_recall/E1_ADD_SUB,moe,0.5095739348,0.3488218715,5,0,0
val/routing_recall/E1_ADD_SUB,mor,N/A,N/A,0,5,0
val/routing_recall/E1_ADD_SUB,more,0.4471177945,0.4688677166,5,0,0
val/routing_recall/E2_MULT_DIV,moe,0.2996555683,0.4470216743,5,0,0
val/routing_recall/E2_MULT_DIV,mor,N/A,N/A,0,5,0
val/routing_recall/E2_MULT_DIV,more,0.2963643322,0.4452507793,5,0,0
val/routing_recall/E3_MOD_POW,moe,0.1130458515,0.2210245789,5,0,0
val/routing_recall/E3_MOD_POW,mor,N/A,N/A,0,5,0
val/routing_recall/E3_MOD_POW,more,0.1277292576,0.2139543906,5,0,0
val/routing_recall/E4_LOGIC,moe,0.1726520126,0.1580090855,5,0,0
val/routing_recall/E4_LOGIC,mor,N/A,N/A,0,5,0
val/routing_recall/E4_LOGIC,more,0.1715101342,0.1497856557,5,0,0
val/routing_recall/E5_SHIFT,moe,0.0037809016,0.008454352993,5,0,0
val/routing_recall/E5_SHIFT,mor,N/A,N/A,0,5,0
val/routing_recall/E5_SHIFT,more,0.00698012603,0.01560803629,5,0,0
val/routing_recall/E6_SORT_STAT,moe,0.1955037469,0.2029874951,5,0,0
val/routing_recall/E6_SORT_STAT,mor,N/A,N/A,0,5,0
val/routing_recall/E6_SORT_STAT,more,0.08029975021,0.1732775105,5,0,0
val/routing_recall_matched/E1_ADD_SUB,moe,0.4869172932,0.353813102,5,0,0
val/routing_recall_matched/E1_ADD_SUB,mor,N/A,N/A,0,5,0
val/routing_recall_matched/E1_ADD_SUB,more,0.7412531328,0.2459037216,5,0,0
val/routing_recall_matched/E2_MULT_DIV,moe,0.6913126674,0.2823517273,5,0,0
val/routing_recall_matched/E2_MULT_DIV,mor,N/A,N/A,0,5,0
val/routing_recall_matched/E2_MULT_DIV,more,0.6831228473,0.2710835716,5,0,0
val/routing_recall_matched/E3_MOD_POW,moe,0.5172489083,0.07133717732,5,0,0
val/routing_recall_matched/E3_MOD_POW,mor,N/A,N/A,0,5,0
val/routing_recall_matched/E3_MOD_POW,more,0.5972707424,0.1988661365,5,0,0
val/routing_recall_matched/E4_LOGIC,moe,0.4412789038,0.188639619,5,0,0
val/routing_recall_matched/E4_LOGIC,mor,N/A,N/A,0,5,0
val/routing_recall_matched/E4_LOGIC,more,0.4421924065,0.3027336102,5,0,0
val/routing_recall_matched/E5_SHIFT,moe,0.4954920019,0.02469132227,5,0,0
val/routing_recall_matched/E5_SHIFT,mor,N/A,N/A,0,5,0
val/routing_recall_matched/E5_SHIFT,more,0.3951526903,0.2166585872,5,0,0
val/routing_recall_matched/E6_SORT_STAT,moe,0.4476935887,0.1054373169,5,0,0
val/routing_recall_matched/E6_SORT_STAT,mor,N/A,N/A,0,5,0
val/routing_recall_matched/E6_SORT_STAT,more,0.4359034138,0.116228632,5,0,0
val/task_loss,moe,0.06326005875,0.0001532598233,5,0,0
val/task_loss,mor,0.06270564475,0.0001122670752,5,0,0
val/task_loss,more,0.06318631942,0.000248839776,5,0,0
val_offline/avg_recursion_steps,moe,N/A,N/A,0,5,0
val_offline/avg_recursion_steps,mor,2.128324619,0.01877729523,5,0,0
val_offline/avg_recursion_steps,more,2.353125044,0.1086724944,5,0,0
val_offline/depth_allocation_error_abs,moe,N/A,N/A,0,5,0
val_offline/depth_allocation_error_abs,mor,0.9422922509,0.02656039189,5,0,0
val_offline/depth_allocation_error_abs,more,0.9939806734,0.1053728847,5,0,0
val_offline/depth_allocation_error_rel,moe,N/A,N/A,0,5,0
val_offline/depth_allocation_error_rel,mor,0.5939249124,0.02251775545,5,0,0
val_offline/depth_allocation_error_rel,more,0.6933883599,0.09314940894,5,0,0
val_offline/early_exit_rate,moe,N/A,N/A,0,5,0
val_offline/early_exit_rate,mor,0.9986493978,0.003020038391,5,0,0
val_offline/early_exit_rate,more,0.9996875472,0.0006708486133,5,0,0
val_offline/forced_exit_rate,moe,N/A,N/A,0,5,0
val_offline/forced_exit_rate,mor,0.001350602227,0.003020038391,5,0,0
val_offline/forced_exit_rate,more,0.0003124527541,0.0006708486133,5,0,0
val_offline/mean_remainder,moe,N/A,N/A,0,5,0
val_offline/mean_remainder,mor,0.1282772975,0.04019918601,5,0,0
val_offline/mean_remainder,more,0.2650749036,0.05987304068,5,0,0
